ID	Average Num Places Added In Each Step	Average LPMs In Local Tree	Total number of lpms in Main Tree	Number of passed trace variants	Main Tree average width	Main Tree average width	Main Tree average height	Total number of Main Tree nodes
e88c77cb-2e75-4c41-82a3-5ebfc5b7c0ff	0	2	7841	231	2.8125	8	3	46
60e8fd3c-56c5-4781-bdc6-a3043af59c4b	1	28	104203	231	3.0245261984392418	49	4	2714
291c9b8d-a3ef-4ff3-b8d6-f7b365eeb1fb	3	219	815184	231	3.306766229807985	98	4	21700
9e30436a-1696-480b-b41c-e6a3fac14236	11	2053	7628957	231	3.7949246696406025	248	4	90176
67bbebc7-8bcf-433a-82aa-a6d5ece0f766	33	22225	1289099	3	4.1098244020587344	262	4	54300
17f8533d-d1f6-4ff1-85a2-8654b2b0281c	30	10676	28163710	162	3.740990990990991	476	4	119593
988a5637-6093-47cf-b318-3c4df85e91aa	0	0	0	226	NaN	-1	0	1
006b1989-7baa-4809-9aa3-bf7abd1cbfa6	0	0	0	226	NaN	-1	0	1
4493a2c3-f0c2-4690-9cfd-fc4d871c6c97	0	0	0	226	NaN	-1	0	1
7d17c99e-a940-4b9b-8c37-a6c773e003b2	0	0	0	226	NaN	-1	0	1
a7224dc6-5c7c-4a19-b132-00c17efb26c2	0	0	98065	4366	1.875	5	3	16
c6cb26e5-1eea-4a09-8659-fb69e6ceb756	0	7	1500710	4366	2.5670498084291187	37	4	671
60d30891-df32-487f-8390-d3fba57149b8	0	0	0	226	NaN	-1	0	1
6d3f14e3-30d7-4294-ac61-73334ba296ac	0	44	9361952	4366	2.7350352112676055	94	4	6215
e51ece87-3c75-48d4-8761-64d899d7a0e5	0	0	98065	4366	1.875	5	3	16
a8201cd2-435f-41c2-af84-68cf618700a8	0	7	1500710	4366	2.5670498084291187	37	4	671
7e0e60ed-ac8e-426e-9e79-0fbe3b3d8b6b	0	44	9361275	4366	2.735475352112676	94	4	6216
80489f6e-de2c-48da-bd86-a85071a14416	0	4039	16902696	86	3.359634373758063	231	4	109898
d163fb23-805c-49ad-bdcf-9d677dc7186d	1	134	296302	96	4.055555555555555	47	4	3140
c496c5fa-a0c6-4f64-8b17-ae70088a291c	2	1357	82804	2	3.8898541731306238	44	4	12538
672c8ab3-a79d-4fdd-b1fe-60ff0e3b0e91	0	16	932	2	2.5434782608695654	8	4	118
82c0a67d-c96d-468e-bc52-ee32bf97f721	2	1582	90182	2	4.028206650831354	43	4	13568
8e51c3de-32c8-4d48-b3bb-500d66039c10	7	12750	726783	2	4.174157303370786	80	4	60927
6117f658-3d04-417a-a179-36c7367fddff	10	20839	1187847	2	4.2533670033670035	87	4	70743
e3f0e972-2459-40a5-9358-129d1470fdec	0	2	6468	96	2.25	6	3	19
58db4e79-15b1-4e28-b311-3aeab740a77e	1	134	296140	96	4.043758043758044	47	4	3143
ee2059c0-1065-4720-9aff-81c035ec2532	3	1746	3842454	96	4.058152476349472	98	4	14586
a292a07d-6b6d-4f55-a159-8e74680fd04b	9	96789	12098731	4	5.960681520314548	203	4	13645
9b12efdf-8ce0-4a8b-9d09-c81f391fefcc	0	0	59083	11973	2.4411764705882355	7	4	84
951c3fd2-5fc6-48bc-9c84-97aaa89d41aa	0	1	1934	84	1.9	5	3	20
cc2c2b1e-1d89-4a04-afa8-ea26ec3225f6	0	1	1679	84	1.5	3	2	7
65c06063-6de6-4569-976a-eea7de25529e	0	1	1698	84	1.7	4	4	18
95d7d217-66af-4460-aa9c-07aa892f936b	0	1	1263	84	2.0	5	2	13
717e7e89-a11a-4168-b80c-3185f91232e3	0	1	1501	84	1.8	5	3	19
68d49c85-0190-46f7-98f7-da48f9e99f98	0	2	2492	84	1.875	4	5	31
96bbee67-dc6c-49e0-9444-b89cbd9712ce	0	1	1501	84	1.875	4	3	16
027f134a-3ccc-449e-b26c-f9a121b7b7ed	0	2	2492	84	1.875	4	3	16
8ba7a12b-7b00-4715-b095-d37a18a9a5b8	0	2	3615	84	1.875	4	3	16
b70d8ea7-1fa8-4680-8426-23d2c1b5ad92	0	3	4931	84	1.875	4	3	16
71074e68-81d7-475e-bec5-977229792154	0	2	2773	84	1.9333333333333333	4	5	30
6d056f42-2be7-4132-a53c-150199f30c63	0	2	3305	84	1.631578947368421	5	5	32
ff23e995-aff8-4069-b948-e7d49fbd3564	0	0	1014	84	1.6	3	4	9
a6219e99-196e-42c9-9bb4-34fe708b22c8	0	1	1642	84	1.4137931034482758	4	5	42
fad05a3d-81ad-4a5e-ab5c-63e60f06240d	0	105	163756	84	3.0215693566381554	46	4	8126
b60aa074-d806-45ee-9b4a-0d4e762998ec	3	65204	2021342	3	6.4600261361986355	100	4	222452
300fe81d-f0b6-4416-9df4-996831525cf5	1	4005	2487181	41	3.273009483971956	98	6	248825
9be63f40-d147-4747-be33-33c6105b2e18	0	332	446652	84	2.4627245880204693	47	6	109245
9d878f2d-29fd-468d-9314-ad988ea07700	2	1356	82718	2	3.8944099378881987	44	4	12541
71bb922b-d582-4568-b833-662079597107	0	125	158237	84	2.939067467326033	47	6	16642
6e254177-76f7-436f-9ab7-3541c26d5680	0	126	158955	84	2.9427865089175347	47	6	16666
d705175a-0ac4-4ee5-8d0f-d55c21b7239c	0	125	157386	84	2.9447874404656904	47	6	16695
b00abc24-7b07-493e-b691-cf3fe1642403	1	3233	1432418	34	2.6172990779985135	82	6	260595
aa1caed4-bf96-433a-81b1-141ee69c0ad8	0	1056	468174	34	2.3860954801234344	56	6	210321
3df070ab-84e2-4bce-98b3-34002f487322	0	278	309217	84	2.437866010775357	39	6	83259
5eceab51-a22d-4314-81d3-8f3f1498ef52	0	1	1501	84	1.7857142857142858	4	5	26
dda8c270-9224-4711-9d5b-3457b539ee58	0	2	3615	84	1.5238095238095237	4	5	33
95d1e8c3-01b8-4139-9c66-fa0e16e712f0	0	279	310203	84	2.4410043310312535	39	6	83415
8bf7274b-76cf-4f2b-8247-069477235447	0	278	309454	84	2.4393549142422293	39	6	83344
66380ac2-399e-4ef2-991a-b437221f3af6	1	21	71477	231	2.458201058201058	45	5	2324
32a7dd9d-f3b0-4937-a73b-080a69fd25d6	0	2	7435	231	1.5775862068965518	14	6	184
cb06b857-8bb9-45de-8f44-bcdf7cca7c07	0	3	11686	231	1.4210526315789473	6	5	28
bc6548e1-c548-4e0d-8ec1-52859d61e405	1	28	104301	231	2.7130144605116797	41	4	2440
df24cb64-786e-4d57-97e7-5006f3cf26f1	0	2	9888	231	1.64	5	5	42
2ca7b305-eb64-4f1a-973f-4c4f32d9665b	0	6	23784	231	1.4210526315789473	5	5	28
ebbbb627-e3a8-45ff-a6a9-2902ec95dfec	0	68	301781	231	NaN	-1	0	1
278293d1-d84f-4faa-a4ec-385820a4e363	1	21	71485	231	2.4880434782608694	45	5	2290
6928c4f7-03d2-480c-a29c-a4219d9dca10	1	21	71493	231	2.440251572327044	45	5	2329
eb9967a4-62aa-4f3e-bae3-40d965e82cb6	0	1	4939	231	1.4137931034482758	6	5	42
b34810bc-1c2d-45a4-b724-41912d899f70	0	3	11686	231	1.45	6	5	30
0ff2d6d5-32b7-4a97-bcb7-8183c188b79b	1	28	104232	231	2.71523915461624	41	4	2442
8aa7070a-b201-404b-9e3c-1ed114673fe9	0	2	9888	231	1.46875	5	5	48
fcbd363b-8832-47d4-a4d4-55eca9ea56fb	0	6	23666	231	1.4375	4	5	24
e19287ca-3831-4bbe-ad6f-979bb3146320	0	68	302100	231	NaN	-1	0	1
739c2999-6835-4298-931e-45047e1f9151	0	5	25264	231	1.5555555555555556	6	4	43
3c550d12-da36-4d2a-b3fc-fab445baa726	0	10	46862	231	1.6666666666666667	2	3	11
7732eb87-1f3c-4fd1-878b-262bccb80dcf	0	101	449633	231	NaN	-1	0	1
082971be-e210-4d90-b2cd-f253e256a6c7	0	8	35742	231	1.4838709677419355	7	4	47
e362e1dc-5f6e-449a-a629-be6b1cb94f01	0	14	62462	231	1.5	3	3	13
ba4ae5d3-69d6-4c3d-9487-8d829ac58423	0	142	635465	231	NaN	-1	0	1
bd651ed5-5179-4ea6-b0b3-dcfa4dc78ccb	0	10	48996	231	1.7142857142857142	4	4	37
a7403c2e-82ce-4d00-a974-1940153873f3	0	17	80435	231	1.4	4	3	15
e378eb44-1380-4fa9-b5a4-8c273e9da8e1	3	352	1155154	231	3.1555903769932714	93	5	34236
b9c4a744-b2e3-46ca-a54b-e81a2a3c6f42	0	1	4939	231	1.6521739130434783	4	5	39
7be00508-92b6-4bce-9aa9-441ac839a479	0	3	11686	231	1.4210526315789473	5	5	28
1251899e-45fc-40e9-8925-d7df5f7c5060	3	219	814555	231	3.3005017163982044	88	4	24999
2493fa7c-db0d-4312-880c-35740b57852f	0	2	9888	231	1.72	5	5	44
a8141ca0-11c0-4a6f-8728-57611c8b7e8e	0	6	23494	231	1.4210526315789473	5	5	28
201590fb-628a-4cb2-aab9-e8605b46309a	2	384	1687952	231	NaN	-1	0	1
d6077b2a-f75c-4d7c-9268-5da8e1c96567	0	5	25264	231	1.6	5	4	33
f5f60b64-d6f9-4d8b-a211-6575f70819b5	0	10	47086	231	1.4444444444444444	3	3	14
1476fb65-44ab-4e46-91bf-801d14adb271	2	532	2367260	231	NaN	-1	0	1
d484a8d6-9094-4b4d-b363-c71ef538e87d	0	8	35742	231	1.7142857142857142	5	4	37
dcdac0c8-7d6a-472d-8671-f0c9bcd69be2	0	14	62462	231	1.5714285714285714	2	3	12
3cbf7659-7db9-4c97-807c-efda8172fa31	2	699	3127800	231	NaN	-1	0	1
381f1e51-dcd1-4ec6-afb9-2f8924639f02	0	10	48996	231	1.6521739130434783	5	4	39
0275df16-7fd5-4687-bdea-a899e722e530	0	17	80435	231	1.5	3	3	13
784e4081-d5cc-41c0-a34d-0649ca3616d8	14	10144	334760	2	3.9539021431459767	111	4	97781
d0cf7135-05b7-41cb-ba92-ac21f808ff13	0	1	6362	231	1.6666666666666667	10	6	146
70112dc8-4d4a-424e-933d-a04b0d853176	0	3	11686	231	1.5	3	5	25
1f7bf12f-5695-47b6-a1f7-8fe1639cd645	12	6030	144743	1	2.860876400078601	111	4	58237
94d928a4-ed68-4f2f-930b-6f2c5bf92d72	0	2	9888	231	1.6923076923076923	6	5	45
95c5cfa9-ce9b-4d4f-8c42-cc8f46c5dc7e	0	6	23638	231	1.4210526315789473	5	5	28
4b6a3231-f83e-4ce2-8a13-3869d220a6cc	10	3157	13867535	231	NaN	-1	0	1
5e4967e9-f22a-431e-b607-8fe64a8ed079	0	5	25264	231	1.5769230769230769	6	4	42
d392c209-f30c-4a02-8054-1a062e86a4ba	0	10	46987	231	1.5	3	3	13
eea52344-ced9-423a-8d0d-2f19657f5dff	10	3177	120735	2	NaN	-1	0	1
1cfd003d-b105-48ea-adfa-512342861a0a	0	8	35742	231	1.5714285714285714	5	4	34
ca51f5ab-39e3-4cd5-8055-0eb5210823c1	0	14	62487	231	1.4444444444444444	3	3	14
cb2f181f-23f5-474f-b9f7-27a19a5a09c2	9	4839	1263231	13	NaN	-1	0	1
8d93ba29-0738-419a-b2fc-39849d8bf89f	0	13	60720	231	1.7037037037037037	6	4	47
76a2e97a-be87-47b5-b055-cdbd03ce22e1	0	17	80435	231	1.4444444444444444	3	3	14
fc1b5384-a5a5-4874-9f73-8b3d62f4c772	62	19054	114328	0	2.477522306108442	256	4	14440
1451d155-fd0d-4ef4-8db1-81df995c37f8	0	1	5389	231	2.111111111111111	7	4	39
e53f256a-ff84-42d8-a8bd-8f54baf21530	0	3	11686	231	1.5	3	5	25
f14baf54-59cf-488c-8c42-007de8d97751	33	35597	854340	1	2.701107899807322	256	4	78506
ee8ec941-bc12-454e-b70c-807bef4b6110	0	2	9888	231	1.5757575757575757	5	5	53
e8fbe82b-22c7-493c-96fa-1b8c02ad214e	0	6	23638	231	1.4444444444444444	5	5	27
06a2b40f-1a40-4620-87cf-e29e88d9b82b	29	17447	8444741	25	NaN	-1	0	1
52df6c98-b61c-4f7b-9b8d-0eb7bda11b5b	0	5	25264	231	1.7142857142857142	5	4	37
86b85a42-11c3-4125-92da-8c78e2e6b470	0	10	46987	231	1.4444444444444444	3	3	14
562de8a5-e93e-4f78-a71e-4a477455e607	29	22624	46697373	105	NaN	-1	0	1
92fdc40c-6f3e-4332-a513-32d3d217c23d	0	8	35742	231	1.6	5	4	41
519afb73-0bf5-426e-8a0e-f6a1efbc3d4a	0	14	62487	231	1.5	3	3	13
d2122190-c75c-4cfe-98e8-8ab55f1f6a10	28	28451	8023269	14	NaN	-1	0	1
e66d6ab9-6b93-452b-b502-1ad2a2a7225a	0	10	48996	231	1.625	5	4	40
aa2dffe4-a717-40c4-a06e-9dd40f60d649	0	17	80435	231	1.4444444444444444	4	3	14
dcc69d13-8872-4aa6-9bdc-d21bc08116c3	0	0	0	226	NaN	-1	0	1
15778c5f-a8ca-49e9-8181-54ee4aac9ef2	0	0	2627	226	1.25	2	4	11
383e225d-8bc1-4f63-8520-0a1d4ffa9540	0	5	17067	226	1.3	3	4	14
53aab3ef-bb57-4700-b7ed-991597e5a5ff	0	0	0	226	NaN	-1	0	1
ca529cdc-aca4-43ec-9c7d-c0dbb7a09707	0	0	1487	226	1.0	1	4	5
3b9b7cc1-ec4c-4d16-8ad1-b58549d7c678	0	9	30848	226	1.3	3	4	14
bf26c5f9-85df-4306-b635-c7c6e9a32bec	0	0	0	226	NaN	-1	0	1
50ac6525-7461-424d-8491-29afaa3def76	0	0	3449	226	1.0	1	4	5
b4b1962e-331b-4701-8e62-e4a1127c8faf	0	11	45345	226	1.2727272727272727	4	4	15
376a0199-3c0e-4012-bf85-4c46cf274c23	0	0	0	226	NaN	-1	0	1
76b4a9ff-498e-4bc1-b62f-4ce79ee76ae0	0	1	4732	226	1.0	1	4	5
e36d88c7-b400-4d2a-8725-92529ac414c3	0	14	57260	226	1.2727272727272727	4	4	15
5cb831fb-5318-4164-b927-b141cccb87ad	0	0	0	226	NaN	-1	0	1
f68de36e-cc47-4d69-bf83-ede5ed41c2da	0	3	11669	226	1.25	2	4	11
5a09553b-e0cd-4e6b-acc9-9542cc020cb5	0	18	71826	226	1.2727272727272727	4	4	15
82669926-74ee-4244-a04f-53d41dc07e1a	0	0	0	226	NaN	-1	0	1
1904aad9-404a-442a-b756-569c69d1c12e	0	0	647	226	1.0	1	4	5
5a58ccc6-bac2-4c71-9a21-538e167f8b89	0	5	17067	226	1.2727272727272727	4	4	15
b2ddf95b-82e2-4f73-98fc-96507222e139	0	0	0	226	NaN	-1	0	1
79f6cf6a-ed3f-472f-9ac6-eb03a8566b59	0	0	1487	226	1.0	1	4	5
b29097b1-cbf9-4f4d-8987-6c84e529cc69	0	9	30848	226	1.2727272727272727	4	4	15
1701e27d-5a70-4f83-aaca-173bb6872657	0	0	0	226	NaN	-1	0	1
35a345cd-6c4e-46b7-a4d6-8b5ac3623a9a	0	0	3449	226	1.0	1	4	5
49060fa0-cebe-4373-a027-5a77adb73977	0	11	45345	226	1.2727272727272727	4	4	15
5d11d5be-2832-4e58-b009-20b35dbd15a1	0	0	0	226	NaN	-1	0	1
ba0f8a30-cdbf-4ead-a5df-ad41a9a64817	0	1	4732	226	1.0	1	4	5
2acdae9f-087b-45f2-ac19-b75dd9177844	0	14	57260	226	1.2727272727272727	4	4	15
d1bfd7d2-f88d-48ef-8435-c940915990b4	0	0	0	226	NaN	-1	0	1
554e32af-64f6-426b-97d7-8f2df48c2f87	0	1	5628	226	1.0	1	4	5
f759dada-21ab-4366-82d0-71957d270896	0	18	71826	226	1.2727272727272727	4	4	15
736f8c6a-08ee-4baa-9f68-a4978d9383d9	0	0	0	226	NaN	-1	0	1
d76e1a6b-0528-48ac-b050-2184952802ab	0	0	647	226	1.0	1	4	5
572f16a8-7b01-457c-9cb1-568bddcb6dbd	0	5	17067	226	1.2727272727272727	4	4	15
a6eb4f8b-a32f-47bc-af0c-b85927cbac16	0	0	0	226	NaN	-1	0	1
e59b8fad-5cf8-4875-89bc-e4c431635fcf	0	0	1487	226	1.0	1	4	5
9383ce41-8907-48e6-b5a9-d9c7496d40e2	0	9	30848	226	1.2727272727272727	4	4	15
79a2c818-307c-498e-bcf7-1bb1194a03bf	0	0	0	226	NaN	-1	0	1
43ae44d4-da31-45b7-85e4-d79352f7bdf8	0	0	3449	226	1.0	1	4	5
12df4eb2-a17c-419f-88bf-cf8a02bab714	0	11	45345	226	1.2727272727272727	4	4	15
27dd037d-95a6-4aae-86a2-694ecb6532ac	0	0	0	226	NaN	-1	0	1
cb185491-552d-45af-a89d-ae7ba1cc3310	0	1	4732	226	1.0	1	4	5
836f5dc4-7fdb-4303-ba49-d76b7eb84f76	0	14	57260	226	1.2727272727272727	4	4	15
45ee758e-e499-40cc-9b54-d0f7a17f7391	0	0	0	226	NaN	-1	0	1
d96767e4-d1ee-45a0-ae38-2b7994ec4c4a	0	1	5628	226	1.0	1	4	5
66d81d8d-b60e-448a-a2b8-9c821986f3be	0	18	71826	226	1.2727272727272727	4	4	15
d5db5a56-18ef-49c5-b7c1-3ba336522095	0	0	0	226	NaN	-1	0	1
45bb4cae-baf1-4edf-b5df-013c865aed3f	0	0	2627	226	1.2222222222222223	2	4	12
52ef1904-f368-4080-92ba-72a72f6ca086	0	5	17067	226	1.2727272727272727	4	4	15
e8be6812-a379-45ae-9eaf-ba66c3c77592	0	0	0	226	NaN	-1	0	1
1d126881-0d9c-4740-a8df-ca8391d06dc7	0	0	1487	226	1.0	1	4	5
1bfad114-8b24-4356-8171-1e34d5193261	0	9	30848	226	1.3333333333333333	3	4	13
0e97759e-41b7-4d32-b923-84d2c5caae1d	0	0	0	226	NaN	-1	0	1
30ea6b16-5b9e-4361-9920-1681695ee57f	0	0	3449	226	1.0	1	4	5
fb9b65ff-0d75-4ecd-be56-73512be3a3cb	0	11	45345	226	1.3333333333333333	3	4	13
3fffce31-b144-44fd-805b-5868107bde41	0	0	0	226	NaN	-1	0	1
f91e5b0f-ae0a-4881-9dc4-63db74cd5d89	0	1	4732	226	1.0	1	4	5
4027efde-b54e-487a-ae47-ac7c7e16d56c	0	14	57260	226	1.3	3	4	14
5395d608-fa0a-467d-a7e7-7c2da19719f3	0	0	0	226	NaN	-1	0	1
7af5c293-f340-43c3-8ed1-a310ef010274	0	1	5628	226	1.0	1	4	5
c3768608-7f1e-4c50-b336-ab9bc692831d	0	18	71826	226	1.2727272727272727	4	4	15
ff43441c-e359-4b05-a810-220d4db8bc68	0	3	608819	4366	2.274074074074074	19	5	308
c602a34c-32d0-4a3c-a1ee-6bcba5473552	0	0	73307	4366	1.2	2	3	7
f6e9f264-c4c2-4b0c-9604-f4c1a2783777	0	3	604581	4366	1.4827586206896552	12	5	87
d17eacf3-d164-4312-9aae-48f683250742	0	7	1500710	4366	2.2163120567375887	28	6	626
1b35fa4f-dc60-40fe-ac2c-e4ede8eb5646	0	0	115696	4366	1.0	1	3	4
54a4b7b2-ccc7-4e68-9fe4-c6e1d2079a21	0	5	1237447	4366	1.4647887323943662	15	5	105
c3b478cd-e879-442e-905b-06d659bb3ccc	0	15	3468359	4366	2.204951856946355	37	6	3207
b998d687-9fff-49d9-8ad5-d998000e2ca2	0	1	252303	4366	1.4444444444444444	3	4	14
a846998b-c42b-4ebb-b2cb-44df7555161a	0	10	1669430	2899	1.5662650602409638	19	5	131
50aecbc8-a1fd-4180-9c9a-58c709084310	0	17	4215361	4366	2.17477096546864	38	7	6173
6e35554c-3b65-415c-8aa7-fb38178c8690	0	1	400730	4366	1.4210526315789473	4	4	28
0b78d215-daa4-4ccd-8365-9d77a1954569	0	13	293938	411	1.5833333333333333	11	5	115
c03fae87-f92e-4693-a886-1621e4113e39	0	23	141239	96	2.166073546856465	32	7	1827
16813a67-f191-485d-9f1e-dcb8c68500b0	0	2	33066	229	1.4516129032258065	5	4	46
68d3fad7-8daa-4ed8-85bc-a6256b92c733	0	15	24252	25	1.5555555555555556	13	5	99
88b3360a-3402-403e-87d1-07032dab6475	0	42	28179	15	2.684067427949973	34	6	4937
f6d83fa2-600d-4210-a333-594942ac5c11	0	0	16706	712	1.2857142857142858	3	3	10
badb6ebc-e097-43d2-b2d6-1d2ab0569810	0	2	16459	117	1.456140350877193	14	5	84
550f3b94-57c2-4847-95e9-1ecf989695dd	0	51	124577	46	2.1598401598401598	57	6	4325
8474f7e4-2b01-4834-950b-f806725da763	0	0	81999	1880	1.5263157894736843	6	4	30
080a4aaf-64ab-4a70-9bac-ce999625b6cf	0	5	1237447	4366	1.507462686567164	14	5	102
09d9ffe0-f777-4d75-8deb-5b348efdbe08	0	105	24292787	4366	2.2318046518979004	90	7	84727
7f81b340-7a24-4d29-b826-4986229caa3a	0	1	449766	4366	1.5483870967741935	10	4	49
ff830334-d9a3-40c2-931f-c91a4e0f100e	0	10	2502473	4366	1.550561797752809	17	5	139
cd32b6b9-f07e-465a-8b95-8190a2775082	0	128	19609394	2725	2.210655311224909	87	7	161454
0516c441-3435-449f-9c4c-8fd3046ba212	0	2	623018	4366	1.6363636363636365	7	4	55
f004fb66-1fa6-45f5-99bb-06ed01466d32	0	12	3068715	4366	1.5714285714285714	16	5	122
435c112b-26da-4a3a-a28b-2c15da659c66	0	157	12436581	1298	2.065700788042925	86	7	202890
dbcab5ce-2973-40b0-8b08-33a3c7d4b7a6	0	3	984588	4366	1.5853658536585367	9	4	66
68ac47bc-fb5d-4592-ab90-26f06989592f	0	15	4126785	4366	1.5714285714285714	13	5	133
401e7af7-c5d0-4b3b-b194-d5eeddc01bd8	1	2684	381216	3	3.3907191336841302	105	6	266776
3fe9a795-f485-4ac4-ae0b-81bd420c1851	0	0	102638	4366	1.3	4	4	14
df99a566-61e4-45ef-ad42-e07c9aba2c8b	0	3	604581	4366	1.492063492063492	12	5	95
e7f678e5-40b1-4618-9c08-46ece28a6fe6	0	7280	618883	1	2.901196771500139	117	6	260601
9643c107-aa73-4c15-9fdb-1f989210fced	0	0	190815	4366	1.4761904761904763	7	4	32
1da98114-489c-46ba-90f6-7f669afb95f4	0	5	1237447	4366	1.515625	12	5	98
df283397-248d-4349-bbe3-c95ff16fcc04	0	13727	878585	1	2.2585325122638555	86	6	238030
890a541c-0041-4b6d-8ea0-f82a508c06c3	0	1	449766	4366	1.5666666666666667	9	4	48
44a298f9-ab4e-4384-b6fc-739e2985cc74	0	10	2502473	4366	1.5053763440860215	18	5	141
89d39695-ade7-4591-a1b6-2cb00df4c67c	0	12281	1129906	1	4.8105837083769565	145	4	353805
9bc8e96a-ac59-478f-8a06-9a37d906df16	3	527	27973	2	3.7898671096345513	37	4	9127
4220b816-28f5-4c41-a196-61d3eb0c9f4b	0	1	82	2	1.4	2	3	8
10f3c62b-8ad5-4ebc-aeb1-c9f07c770046	0	7	371	2	1.5925925925925926	7	4	44
d334af1f-3a6b-4eb3-8c4b-12dc8d036860	2	1583	90247	2	4.9462181679969595	41	4	26028
a17d0a9f-009d-4cf4-abe5-6cd3c28c8cbc	0	3	179	2	1.5	3	4	16
b92f8fd1-2874-400e-8a35-90eb87d149be	0	13	793	2	1.7272727272727273	5	4	39
0e0a5439-00dd-4647-8897-4e61b76be91e	2	11381	762535	2	3.210616133963807	47	6	180611
a218af1d-1204-4e33-8eb2-22f3c6931b7c	0	9	624	2	1.6851851851851851	6	6	92
bcd13017-9f65-4d13-a85d-27cfe47552d1	0	23	1572	2	1.6111111111111112	5	5	59
5ed50005-502a-4503-9fe6-0a4d6510fe1a	2	18468	1348180	2	3.297874585786952	46	6	156251
14909c1a-12d5-495d-8d43-76d299898846	0	15	1100	2	1.5666666666666667	6	6	95
a35ee50d-467e-4264-9de0-a6fc5514e121	0	28	2115	2	1.6129032258064515	7	5	51
e34bfce8-c350-48e2-828c-d82155f9b9db	2	20885	1733465	2	3.373262009382496	47	6	158912
84caeb6f-f390-42d4-a8fb-dd8223585ec6	0	23	1929	2	1.6323529411764706	8	6	112
d51d06af-2e2c-4b09-8c76-ab0a67759026	0	35	2982	2	1.5714285714285714	7	5	56
b32bf009-16f5-4cf5-9d2d-2bca21ba04a9	8	3952	209507	2	4.858536819842338	75	4	101078
c01bb863-ea47-4c04-a856-ed0e0962cd1b	0	1	82	2	1.2857142857142858	3	3	10
763798db-ac91-4b98-859e-a2be1c85d170	0	7	371	2	1.6666666666666667	6	4	41
2ce64091-adea-4acd-b4ff-d324bcf75514	7	11492	563131	1	5.8544265867611	79	4	214917
c026f03c-d713-4100-859c-7f60969b197b	0	3	210	2	1.5	4	3	19
36ad8dd2-1511-4add-83a4-0574cb6d33c2	0	13	793	2	1.6153846153846154	6	4	43
6673a321-f8fa-4148-9d2d-5954bc588216	8	53585	964544	0	5.695507759324802	78	4	209197
b9b7ee9a-b0c7-4d78-8779-7284eecbddb4	0	9	624	2	1.6382978723404256	5	6	78
c705df37-0e9a-4fa5-ae15-4649fa50a529	0	23	1573	2	1.6176470588235294	6	5	56
7b0beed4-92d9-454b-ab01-df5a021cdfda	8	27129	922416	1	5.712039948215277	76	4	185311
9498d78c-143f-4fd1-be36-d5744ded561b	0	15	1100	2	1.6271186440677967	6	6	97
aef164fa-acbb-4eeb-ab5a-d8df47cd918f	0	28	2115	2	1.5806451612903225	8	5	50
7189f66a-4868-40ca-87c5-088d89027138	8	33644	1312121	1	5.48606591325957	77	4	185441
8b07118d-32e8-4369-aa6d-d38cad1c0036	0	25	2133	2	1.7540983606557377	7	6	108
e289c3f2-5bc1-46fe-a532-c72024f6329d	0	35	2982	2	1.606060606060606	7	5	54
72ce4ee3-44f2-41f8-8e65-83a3ccb8e56f	10	6065	321452	2	5.343084563575753	85	4	157077
a0152198-3fdb-4c1f-af4e-b0aa01b8b024	0	1	82	2	1.4	2	3	8
e4bde6f7-d5d2-4fcf-9a2b-0181c979a8ec	0	7	371	2	1.6666666666666667	6	4	41
37b12199-c78d-4ed4-9bc7-22a97a453ae0	13	28090	337088	0	5.556005237471729	90	4	233381
bbdb726d-06a7-4f92-bba3-4e086309aac7	0	3	179	2	1.4166666666666667	4	4	18
4c30611f-019f-44a9-8d0d-2129707feee8	0	13	793	2	1.64	6	4	42
c58ac749-200b-4844-bd25-82b5f87df8fe	12	41506	622603	0	5.471506002735424	90	4	216027
bc722abf-c207-4496-bdf7-10b99ad1e980	0	9	624	2	1.6071428571428572	7	6	91
f708d06f-23c0-4785-9035-0c454374564f	0	23	1574	2	1.606060606060606	6	5	54
944a3faf-2743-44b6-819a-eedd03b56498	12	49267	886815	0	5.366199473187864	86	4	165017
c17fa4ad-5cba-496c-848a-e01bb41a1ef4	0	0	35306	11973	2.0303030303030303	6	5	68
45d03509-4e7b-41f3-93d9-d239e62dd6df	0	0	0	1	NaN	-1	0	1
979a7b4d-6713-44eb-80b9-47d96edac8f9	0	0	0	1	NaN	-1	0	1
332ded59-7818-4ce7-9787-c11b87830ad0	0	1	7	1	NaN	-1	0	1
1ed5a82f-30f1-4f66-9e69-ae00aa33fb4c	0	1	7	1	NaN	-1	0	1
7aff5a15-2a92-41d8-b9fc-b64d7a81a6ba	0	1	7	1	NaN	-1	0	1
db4fec76-e6de-4eaf-b2f9-33a6d34db01c	0	1	7	1	NaN	-1	0	1
165b1a5a-eb19-4070-86df-ff3435952cae	0	0	3	1	NaN	-1	0	1
d5f99706-399f-42b7-b5a8-d8e28580b22a	0	2	10	1	NaN	-1	0	1
493add12-a6c9-4837-94c2-e22b86d2352b	0	2	10	1	1.0	1	2	3
09674362-f942-4231-9f02-aaabad54d805	0	3	25	1	1.25	2	3	6
84d8504a-d32c-4694-b8b7-8654be6897a6	1	266	535571	96	3.0415592783505154	41	6	28324
731d9f32-5d37-4d19-9396-65bb06c4cc86	0	5	10081	96	2.0	6	5	31
8779aa88-c725-4b6b-bf46-bb107a38c89d	0	8	16142	96	1.5769230769230769	9	6	83
78b4ba67-3430-4f71-b5c6-2aec7de14069	1	1026	2257460	96	2.8731568559154765	42	7	49494
4ad8cc9a-db2d-48d4-8052-1a962e44bebd	0	7	16124	96	1.6818181818181819	6	5	38
02feaa11-ad47-4fff-b2e1-c62c1ed41a43	0	16	35235	96	1.4929577464788732	12	6	107
75722131-1bc1-4426-84c3-82b1a83f05f9	1	4274	4586129	38	2.903895097930729	42	7	52486
2edda24d-ed0a-44f0-90c5-24161ce3ac14	3	6869	151134	2	4.443678577906766	46	6	48997
e236908c-af98-4aab-ac9b-bddb725f0795	0	43	57751	84	2.0306429548563614	43	7	7423
b6453893-5d42-4bae-95bd-1240fecb5ebc	0	142	158345	84	2.1301741364544675	41	7	7463
f40158db-bc1b-4e01-b386-4a5512201f7e	0	881	978847	84	1.9839566977129761	47	7	81371
9eb47303-229f-4ede-8aad-ffdffcef7270	0	881	978593	84	1.9815823542343487	47	7	81125
96c11685-d628-428f-8815-43d5504dd2c6	0	2283	1096022	36	2.243745192643871	66	7	160440
b16960b1-80ea-4223-8515-fadb6557cec9	0	16	17880	84	2.4766666666666666	45	5	1487
bf2eca42-6710-430e-9f23-8fb79f6c2166	1	1380	1532068	84	2.8889160205929634	93	7	141971
61f593f1-1c5b-4bc0-96a6-ac20c4f52fbb	0	240	322760	84	3.0	32	6	3712
f41d1ce6-9377-4a28-b8db-876d83d8906d	0	240	323192	84	3.0048504446240907	32	6	3718
3c0c6e43-c4b3-4271-bb4a-1789476c8592	0	273	304009	84	2.1475057639907775	47	7	40984
5e309850-fd12-4f7e-a78e-2adfa5fdb678	0	274	304563	84	2.1486351967307593	47	7	41012
038fad41-d383-4a08-a952-11a611b17424	0	274	304185	84	2.1484858011107617	47	7	41007
6c63ef39-d5fb-4758-bd02-e7d02dff70d2	0	1573	696918	34	2.10314933741642	63	7	190927
c4c75829-a7d3-482f-87da-61f12e8b57cf	0	9	10634	84	2.3785425101214575	43	6	1176
06521c0f-9a1d-4015-bd87-e813ce3d9b9e	0	9	10634	84	2.3785425101214575	43	6	1176
30b64333-318c-4020-befb-66eda2283399	0	9	10634	84	2.3785425101214575	43	6	1176
abc1c4ed-7bfe-444a-9293-3738ecc02d26	0	3	291	7	2.477272727272727	16	4	110
e61a41b7-aa02-41e7-9973-e3301a2bde74	0	0	0	84	NaN	-1	0	1
6ddc091a-6805-417d-98d1-ea4e5f25f830	0	2	65	2	0.0	0	0	0
2562d0a0-aa51-49eb-aac6-c865a034e2ca	0	2	65	2	0.0	0	0	0
7913a7a0-e9ce-405a-a7e4-390cd935a77c	0	2	71	3	1.8333333333333333	4	3	12
31d0f60e-c846-4138-9eac-0c400f0306f0	0	11	13940	84	2.668831168831169	42	5	1234
d4ef3572-ebb1-48b0-8267-0cfab76b483e	0	1368	1659057	84	2.2828639176450176	94	7	78947
f0042467-a1b2-4add-9b6c-9315792dd6d1	0	256	310316	84	2.5969387755102042	44	6	7636
96ffa2d4-8bfe-419d-82fc-c8d711e815fb	0	255	309798	84	2.547189097103918	39	6	7477
56ba9672-3128-45fd-9d9f-f5fe1c5f1659	1	7468	716957	7	2.7362210903280113	62	7	191780
1392f407-0563-439a-bb83-688562dc89b9	0	256	310611	84	2.5969387755102042	44	6	7636
0e0ade0f-0327-40c7-bbe5-f5269015f632	0	0	0	226	NaN	-1	0	1
76e60638-9202-4ae8-86b2-3dd75037c1bf	0	255	310089	84	2.5972789115646258	44	6	7637
fc1db53f-d87f-4a76-8fb4-b976f3f678be	0	131	158946	84	2.367383512544803	41	6	5285
084ec0c1-943c-4d5e-9c4c-8b173fc9c707	0	35	43122	84	2.397163120567376	30	5	1353
9552a5d4-7c34-4761-af72-63dad614ad75	0	23	28164	84	2.3868778280542986	29	5	1056
4a333e63-71fd-45df-8837-76f3fff22b45	0	9	11679	84	3.5	29	3	211
503f929f-566d-475e-be0a-283e16417904	0	9	11679	84	3.5	29	3	211
08ecfa15-199a-4ae8-9a65-28d03ccb26f6	0	9	11679	84	3.5	29	3	211
9dbde6bd-1ce5-4b83-a96d-3f9f1facbc35	1	59	72281	84	4.1042345276872965	70	4	1261
abc3caa3-f67f-4f5a-a22c-c0ce4529e496	0	0	0	84	NaN	-1	0	1
7e0dd165-9c79-4542-bf0a-b0d9478a24fe	0	9	11679	84	3.5	29	3	211
5738a5e4-5064-42b4-baf1-86edd934ffbf	0	9	11679	84	3.5	29	3	211
f36a0428-5734-4331-b6f5-73d24a355da2	0	0	0	84	NaN	-1	0	1
e6fc9ac5-cd5c-48ab-b71e-6c1442f2fa95	0	9	11679	84	3.5	29	3	211
06300480-805d-4bbc-b1c2-9c6b9a056fa3	0	9	11679	84	3.5	29	3	211
5c2f7010-ba7d-4530-81fc-1a98776e0f07	0	9	11679	84	3.5	29	3	211
ea0db2a7-72d2-4e5c-bde1-9f43014cdd5a	0	9	11679	84	3.5	29	3	211
72167525-39a0-4c28-aa59-9df692668159	0	9	11679	84	3.5	29	3	211
6e4f8ec4-dc5b-44f1-b385-375020ab1873	0	52	63876	84	2.8789237668161434	41	4	1927
fe6ba173-6bfc-4072-bb8c-8e0c591a126e	0	48	58719	84	2.847662141779789	41	4	1889
7cfe7373-3ff7-48b3-8a05-4597df162945	0	9	11240	84	2.679558011049724	41	5	971
fde9039f-1894-459e-b711-ee2929d8ba89	0	313	380067	84	2.39343339587242	90	7	25515
0497c544-84d5-4f03-a25c-6c06b82204ca	1	589	714881	84	2.8940225636499046	136	7	104918
a516e186-cb4e-47f8-bfe5-7cb232dab127	0	1460	1428566	44	2.214919280014845	67	7	119363
0a0d9ed4-e150-43ab-9b72-b1f9e172c2ad	0	480	703931	84	2.5048258313591294	76	7	57096
37a190c1-7e0b-46d8-a1f6-3cdf13795ae2	0	17	56166	231	2.2435192458758837	42	6	2857
2fcbeea7-12c3-441c-8e0a-16a0672e5041	0	67	251674	231	2.045230552622316	45	7	11622
57e42cc8-fe6a-4411-b415-5467ae4df525	0	400	1960832	231	2.069266226485611	45	7	16611
78ede021-765a-4cdb-9e67-e688609eba7e	1	104	341478	231	2.5209342972908555	68	6	31732
c65a6353-dbc2-43d0-b6c9-42b3943151a4	1	513	1918369	231	2.1239203972937957	70	7	118040
02c2b830-bab1-492a-bcbb-27a63a5e3017	1	3505	3625010	48	2.0786352180582948	70	7	151758
5b5a1844-fbd7-4ba6-88ca-d4b0cf8c29b9	3	215	707749	231	2.344928088908259	91	6	86088
086f4a46-d61d-4237-a017-5a76b06e01e6	2	982	1872206	116	2.3074326426482483	93	7	148332
7c50d1ff-83be-4006-8f1a-74dc21c7f549	2	3619	474135	6	1.9155843493342857	92	7	187757
aeecb460-1cf0-409c-a1cb-7be624502fe8	5	756	990266	91	1.872826024152077	128	6	162066
ff1364d9-86bc-4b83-a311-dd9d15e86940	5	2849	994351	21	1.8321848828580516	135	6	155548
41aea741-87af-4588-a612-602dda7b2b90	5	8552	1120419	6	2.381677766756412	78	6	33616
ba44335d-f768-44c4-b700-646524f1612a	8	1308	1712594	91	2.7659699735060346	133	6	56377
1fef34e2-266f-4ca2-8d2e-b9b77835fe19	8	4634	1617604	21	2.5108511733980725	128	6	68261
11ad3fab-32fa-4d2a-8430-e9836a7803a4	8	11052	1447887	6	2.5219114034392582	117	6	63649
a781f605-c6f5-4a3b-ba9f-9dcaa9396d0c	0	3	699737	4366	1.8444444444444446	6	5	84
c3ec42d8-53b8-4a91-86c3-f2ab46302551	0	0	174428	4366	2.21505376344086	14	4	207
59cd07e2-a67a-47b6-8f3f-fe2eea4ae434	0	5	1163735	4366	2.3036020583190395	32	6	1344
c35322d8-6835-4594-b473-faabff748b84	0	3	701644	4366	1.8444444444444446	6	5	84
92b41f4c-002a-4e5d-8a6a-9009f48755b5	0	5	1228183	4366	2.353077816492451	52	6	2027
4a27e806-bdbf-4548-bf59-30414bc85452	0	64	14805951	4366	2.2093394077448747	59	7	19399
5df030de-675a-4853-a277-ea471b0d6b8a	0	3	707581	4366	1.7755102040816326	8	5	88
5c354c71-3156-4565-8743-96274ad35da7	0	6	1284059	4366	2.3861201676758266	75	6	5124
7a48a376-ca23-4039-9372-18d98ec71401	0	79	13478436	3204	2.045760908123448	85	7	63438
ad1cb7a4-39da-4f64-8a34-a698e1508688	0	41	8268832	4366	3.145418326693227	22	6	1580
372840d7-5870-4db5-b8b9-00dc97f1fe1f	0	9	1977355	4366	2.8780152971170816	120	6	14676
06dc4a63-34da-4947-86b5-ae4a198985fa	0	174	6430696	700	2.324325410648731	131	7	173484
61d7b27b-000d-40ed-8659-044f8103dcb8	0	41	8313736	4366	2.8143607705779337	23	6	1608
fdf1736b-c2d1-4a63-81a1-cbff46e0469a	0	185	9985644	1127	4.5026545908807	153	6	115341
a852370f-5bc4-46eb-9a93-483c00b267e7	0	5806	516784	1	2.4304489404770053	98	7	248546
228dddc3-417a-4fd5-a3a2-b19879102d8e	2	56	2991	2	NaN	-1	0	1
2078a7ab-7386-490b-9a95-558d071a8f59	2	136	7775	2	2.3076923076923075	3	3	31
ef5257be-fd44-4863-a96b-10381bfac214	2	250	16768	2	2.095890410958904	17	4	307
126c2a59-d782-4665-bb03-29b80e36547e	5	118	6277	2	NaN	-1	0	1
e65d3563-d519-400f-b60f-d3edb90f8d4d	4	252	14401	2	2.2941176470588234	8	3	79
b201b154-a33f-4f2c-8a5d-239971cdc314	4	463	31069	2	2.3961456102783725	25	4	1120
d0f73a03-f341-416a-9009-dec0524e52bc	7	157	8337	2	NaN	-1	0	1
00364cf2-9eb6-4f6b-9408-4a00197b3d07	6	366	20916	2	2.8524590163934427	11	3	175
285c2758-4d92-4563-be66-a23bda5b5708	6	719	48199	2	2.4619492656875837	46	4	1845
5ea702fc-ef6f-494a-be85-89ad6a5c7266	10	175	9286	2	NaN	-1	0	1
c5fb7a80-3572-4905-9048-f5c57ceed7a3	10	440	25094	2	3.7435897435897436	12	3	293
7f3bc9cb-d4d0-4688-917d-848011688f7f	10	898	60166	2	2.5148842337375963	48	4	2282
1af90d2c-9f7e-4c1b-9f5a-fb0c1410d331	10	175	9278	2	NaN	-1	0	1
4371dd19-349f-4170-b97f-553f2ecb3d9f	10	439	25049	2	3.3389830508474576	11	3	198
05fbdd23-38da-4c6c-9678-502966cf9ef8	10	891	59698	2	2.5729166666666665	47	4	2224
4873576c-d558-4657-811d-8c4749c8c9da	0	0	54185	11973	2.0625	6	5	67
6974e9f9-b906-40a9-b20a-b380f97a4a90	0	0	54185	11973	2.0625	6	5	67
248c21f1-38c7-4ff3-8803-75bd7af15809	1	44	88704	96	2.3100936524453695	30	4	2221
2d53f7a8-b73b-4328-9657-f3af2d7aa64d	1	153	336998	96	2.224287484510533	34	6	5386
80905151-85d7-4dc1-8daf-1a7f9096b5ae	1	465	1246223	96	2.240567951318458	36	6	5524
abe5c332-9b31-4afd-b3df-818ef92a8d73	2	255	513617	96	3.089802004804904	48	6	37298
d50f4fa0-d819-4978-a8f9-b871132347de	2	977	2149950	96	3.281385599764654	53	6	44618
16ae0582-576e-4dce-bb60-ee59a9e8f5ee	0	2	3274	84	NaN	-1	0	1
4b09910a-334a-45b8-9acc-b7cb90a6c851	1	5	6494	84	NaN	-1	0	1
0b981b6e-4a7b-4a9f-a848-76a09ebcbc4c	0	7	11540	84	2.3951612903225805	20	4	298
16cfd4c4-2a83-48dd-9bec-2f743d1e05a6	0	2	3274	84	NaN	-1	0	1
21f1932a-dda7-492f-b1e2-892cad84a260	1	5	6494	84	NaN	-1	0	1
dd4004c9-1bc6-4a94-9f3b-e17f379e63ec	1	9	11709	84	5.0	9	2	51
c6b2137a-969f-4b81-88d1-e959fbf3e622	4	23	28923	84	NaN	-1	0	1
7a0de2ca-cf59-4fb3-b2a3-634c3d065376	0	2	3274	84	NaN	-1	0	1
2cfac8a5-69c6-4eae-8568-1439881be119	0	9	11240	84	2.679558011049724	41	5	971
6391b865-1332-4bc0-85ae-7419cbffbfbd	0	82	134073	84	2.221396731054978	43	7	10466
e0452c3d-5ef3-4fba-99fa-495476fea217	0	201	328568	84	2.02965692726156	48	7	23133
7ff32281-74c5-4627-b46f-852b452be5d7	1	2785	598910	11	2.3699887536385287	75	7	143300
878e0765-9c7f-4f36-897a-417feb15542a	0	9	13455	84	2.0859188544152745	34	6	875
609c8023-0b78-499a-9c1a-234d88f14495	0	9	11240	84	2.679558011049724	41	5	971
428464d7-52e3-4caf-8333-7c89bfafe58b	0	312	379248	84	2.3917284066397824	91	7	25504
f26d8910-c908-43fd-8388-f6cfdbb4327a	0	337	408832	84	2.8991011887503624	80	6	29998
3d90eed9-2798-4371-9809-e62a996614c1	0	68	100966	84	1.8101291777732211	32	8	8829
6855990e-720b-45de-95e6-b12ccdf32ed0	1	14	312	2	NaN	-1	0	1
d2c53113-9605-47ea-b3cf-232a3759de87	1	14	312	2	4.333333333333333	8	2	40
8d331ba5-f4bc-47e0-9e2e-db8fcdff6e10	3	100	2404	2	3.02	28	4	454
3dcf31cc-9008-4527-9fdd-a2a211866b02	1	3	216	4	3.7142857142857144	6	2	27
7ae0fe1c-229a-4c03-8590-b45f3b4c4508	3	84	1012	1	2.686868686868687	22	4	267
683ead75-00f7-4a60-9948-bf9aaf2583ad	2	1	3	0	0.0	0	0	0
7603cdee-18a2-43ae-9d9d-78aa334d9717	1	14	312	2	4.333333333333333	8	2	40
db84fe77-de30-49b9-bf8d-79f3e70628c5	3	101	2432	2	3.160839160839161	27	4	453
fa7fc0a9-5978-4e0c-9c5d-c4a8bb918cb8	1	3	216	4	3.7142857142857144	6	2	27
0a58da73-fa0d-4b19-b815-5ea0c4b5bcd1	2	56	2990	2	NaN	-1	0	1
3f9ac667-93ce-46f2-9e52-a57c7b49665b	2	137	7844	2	2.3076923076923075	3	3	31
350ba6f6-a765-42b0-88b4-ba3e345f1aeb	2	250	16799	2	2.269230769230769	18	4	296
fbb43095-753d-4255-be8c-ccb1a220a1cd	5	118	6276	2	NaN	-1	0	1
792a0f28-ed02-4bda-b538-7bfab9da4c35	4	253	14475	2	2.764705882352941	8	3	95
3517b2d7-2976-43c2-bbe3-f08cad27527a	4	470	31537	2	2.4129464285714284	27	4	1082
b87dfeb0-f09e-4db1-8c25-b6b027d0886b	7	157	8334	2	NaN	-1	0	1
b79120b2-f3f8-4020-a5c4-5609f9a68413	6	367	20954	2	3.732394366197183	11	3	266
41288d35-919d-4e37-87a2-fdda41d51678	6	719	48222	2	2.4365733113673804	44	4	1480
cc242774-edc1-4b3b-9391-cbbe871db4f4	10	175	9281	2	NaN	-1	0	1
a0c2d1b9-5fca-45b5-a076-522ad94df9a8	10	437	24958	2	3.436619718309859	12	3	245
c0a3eca4-5e69-4990-894d-35684d40987b	10	893	59850	2	2.7742718446601944	50	4	2287
64eaca18-926d-453e-9515-975b81caa093	10	175	9279	2	NaN	-1	0	1
ea3136a6-23f4-463e-818d-716a46acb7b2	10	440	25093	2	2.5892857142857144	11	3	146
b298fb1c-fb2c-49b0-9f0e-26beda8505c1	2	56	2997	2	NaN	-1	0	1
b2fdedb0-6d9a-4345-b2a5-c13f4eb74a09	2	136	7766	2	1.6153846153846154	3	3	22
7dea6f53-3458-420f-914e-59bec0783334	2	248	16679	2	2.3311258278145695	18	4	353
be45bc0c-f2d5-40bc-813e-86b7fa3c2ccd	5	118	6278	2	NaN	-1	0	1
ad52481c-3579-436f-89af-110c7dfcc64d	4	252	14386	2	2.857142857142857	8	3	101
e241c3fa-1d68-470a-852b-2e9943899d57	4	470	31517	2	2.33806146572104	28	4	990
b2e22890-c09b-49d9-b82c-efbdd08301aa	7	157	8327	2	NaN	-1	0	1
081e3f05-0020-49df-8adf-232c77e9c3df	6	366	20903	2	3.4507042253521125	11	3	246
fb87d771-655c-4654-8222-cd3801c6206c	6	720	48274	2	2.3613086770981506	48	4	1661
871fd44d-a727-46f4-886d-87eab5c76978	10	175	9288	2	NaN	-1	0	1
b9973e64-1bc1-46d5-90d0-b5c12b8a0978	10	438	25011	2	3.0483870967741935	11	3	190
af376031-392d-491c-bf25-593e09caa5b7	10	880	59019	2	2.4655555555555555	47	4	2220
d1e90d77-ac96-4f9c-8e84-bc7c94305d1a	10	175	9282	2	NaN	-1	0	1
f4506d02-c7e4-4d66-b989-7751a03aee05	10	437	24962	2	3.2419354838709675	11	3	202
cbace795-a36c-4bbc-8345-5f55efc1e411	2	56	2997	2	9.567567567567568	42	2	355
3dd9b033-ce2d-4c37-bcd3-db6dd5fc1cdb	2	136	7787	2	11.382978723404255	42	3	536
01b2eeeb-182c-482f-9db0-438211e9bd7c	2	249	16732	2	5.097402597402597	41	4	786
c55bf842-c09c-4e83-8eac-345ef23d796c	5	118	6296	2	13.172413793103448	63	2	765
f3302c31-b967-41e7-a64e-322adf1ea018	4	252	14410	2	11.943181818181818	61	3	1052
ee49e233-f1fe-4ec3-a64a-33b45cef9d5f	4	467	31299	2	4.209150326797386	60	4	1933
f7cdeafe-103c-41df-8d94-d003634f18cd	7	157	8351	2	15.371428571428572	79	2	1077
d589ddb6-79aa-47ac-a8b3-8e7969d7ae50	6	367	20961	2	13.298387096774194	79	3	1650
710e137a-4c61-4250-9661-11030d6c0829	6	725	48622	2	4.351278600269179	79	4	3234
de84ed4b-ac63-4e83-a3e2-098a19c25ead	10	175	9292	2	15.7012987012987	89	2	1210
9b738ed2-8a03-4247-a8b0-79a676d85ec7	10	439	25038	2	13.38125	95	3	2142
2e11741a-9a55-4c5a-9f36-86a9509cbaf8	10	882	59112	2	4.433722163308589	95	4	4182
ff7951c8-5f43-40a0-a095-0532da692a8c	10	174	9262	2	15.25974025974026	89	2	1176
bd0275a1-da5e-482b-b05e-88d3ba5a357e	10	441	25159	2	13.700636942675159	95	3	2152
4575f993-819e-49da-bad7-75ac5d3b7577	10	884	59285	2	4.6434108527131785	95	4	4194
4baaf0c0-4583-45b7-90ba-f8ff708875c2	10	174	9254	2	15.12987012987013	89	2	1166
19ed6257-dbb5-4b6e-9420-6713eccd88a7	10	440	25111	2	13.51552795031056	95	3	2177
bfa1cc62-2e0e-423e-9fd6-075d3213f5c0	10	877	58794	2	4.670644391408114	95	4	3915
6a2a64e4-8f84-4554-99b2-e5bb04fd6143	0	17	56184	231	2.348982785602504	50	6	3003
05a38c98-1c91-41f3-bc74-72a7751c7d19	0	67	251353	231	2.07154129405576	50	8	11815
3eb4e884-9191-411e-9eb1-ad521d18e1c0	0	400	1961291	231	2.0856185630971584	50	8	16809
f8601d04-7ff9-48e0-9bda-b350ba3e6d9a	1	104	341318	231	2.555047710688798	75	6	31865
3b1211ce-38f8-4d2c-ac0d-43ecc4d6419f	1	512	1916561	231	2.09547764141866	75	8	124135
1f80e742-c4c8-4fe6-87b7-60f29af4e24a	1	4159	2957216	33	2.044282572842221	75	9	148743
8633c3d6-0128-428c-ae57-6fde6d70b8c5	3	215	707344	231	2.3574993863022664	100	6	86434
56fd0686-e193-4e9f-82f2-1d7e266a156b	2	948	1206430	78	2.3190317059255032	100	8	142262
7cf9d931-5c55-48a3-bb81-f4e0678ec93c	2	3617	473876	6	1.860347585030387	98	8	174483
eacec41b-55ca-4cd3-8157-b769fcd9e23a	5	756	989941	91	1.8701201482202343	142	6	149893
64ae0fc6-8b3b-425b-8cd4-45d0c581e932	5	2848	993994	21	1.8292995097976474	146	6	142926
a611f00f-0834-4d5a-999b-ea65a0f95547	5	3227	419571	6	0.0	0	0	0
47a05821-6367-424e-8524-acaf71df6405	8	1297	1698950	91	2.8286330864681934	152	6	57674
fcff188d-0e73-4d6d-ad31-88ec60428c39	8	4622	1613245	21	2.558626773505844	147	6	69611
491f11d0-d702-4b51-9848-34377160bede	0	3	699737	4366	2.796875	50	5	180
bdbd5eb0-1ae4-41d1-8b0b-1a370deeb515	0	0	174428	4366	2.789473684210526	50	4	319
c65ec374-8d54-46ec-ba49-d24f88ec5737	0	5	1163735	4366	2.4712837837837838	50	6	1464
b64136a7-fb7d-487e-92b7-1f811c507cc4	0	3	701644	4366	3.2916666666666665	75	5	238
349401ea-d346-464b-b29a-6c6610214b63	0	5	1228183	4366	2.580275229357798	75	6	2251
27d8fde3-fada-446e-93e1-b5a824e34356	0	64	12643207	3720	2.2177650429799427	75	9	17803
53b8455f-0d11-4d0f-8f15-fd707374356b	0	3	707581	4366	3.953488372093023	100	5	341
42218c4b-ca68-44db-9d7b-4af3dbfc91b5	0	6	1284059	4366	2.571230342275671	100	6	5560
ea2b7769-3e63-41ce-9230-1c6d6ec5ff41	0	80	10361091	2431	2.053866845998655	100	9	61083
bb982432-5fc8-48ab-9448-c7fac5481fcd	0	41	8267565	4366	3.971631205673759	149	6	2241
6887d81c-8a02-4911-9140-86938bdc4e9b	0	9	1977347	4366	3.074008982620582	150	6	15743
e1e0ed6a-87e7-4300-a7f1-faceb26a3985	0	175	5195344	562	2.3578783487992108	150	9	152966
9f8e608c-b75b-4ef8-bfc1-77dcacea6d26	0	41	8313882	4366	3.8858447488584473	190	6	2554
6047c905-4afb-49a7-ac21-eb68f3606106	0	183	7259017	831	4.566176757241433	199	6	117128
e0b9b339-c2ef-42a1-ae6b-ab547b3feda5	0	17	56167	231	2.355365474339036	50	6	3030
5ea5e371-6a5c-4f22-bc6f-8631788fc6de	0	1	5261	231	1.84	9	5	47
e0c672dc-0879-479a-a7a1-6e92b8e272de	0	1	5263	231	1.6896551724137931	9	5	50
a79feb0b-9e78-4207-905f-af1856121ed7	0	0	0	0	0.0	0	0	0
f344f94d-ab9b-484b-97ca-69297ee41ac9	0	1	5557	231	1.625	9	5	79
ea986fd8-3fa1-45c5-a308-ae52cc48b3f8	0	1	5682	231	2.3448275862068964	9	5	69
8c91ff95-c082-497b-8930-c26ac0e9907f	0	2	6684	231	1.7477477477477477	12	9	195
c8adef9a-24d5-4ada-ab8f-4451c1e4caea	0	2	6684	231	1.7118644067796611	11	9	203
4cc4a638-5f06-45b0-934e-ade7b4566c29	0	3	12870	231	1.522875816993464	13	8	234
e6bc46d1-9741-4359-bedc-5d12fc495c7a	0	3	12744	231	1.643835616438356	10	7	121
327b6d0c-a30c-43e5-b407-44499a22b11c	0	7	26857	231	1.3255813953488371	15	12	514
756e6410-9408-42a1-a182-f26f237957a2	0	8	43864	231	1.507936507936508	9	7	96
3eab71fa-8643-4023-bb96-c3222553aefe	0	16	80493	231	1.3019726858877088	17	20	859
08845507-3d24-46da-a6df-d90d58ed8250	0	1	5557	231	1.6111111111111112	9	5	59
c9ae13b9-1c59-400c-9260-6476aff5cfab	0	3	12870	231	1.4494949494949494	16	8	288
3cd49514-b01b-4292-9c54-231e9ebdaf75	0	3	12744	231	1.59375	8	7	103
3ded9f44-c334-4959-b287-dc4b8525338f	0	7	26734	231	1.3723723723723724	15	12	458
9e37d77d-4c10-4d51-bd76-65d2edbc73a4	0	8	43864	231	1.7352941176470589	9	7	119
6a9f35dc-16b8-4f2e-90a1-0886a448c432	0	16	79732	231	1.2921174652241112	14	18	837
ceef893b-827e-46e5-829c-b5108e13770b	0	1	5557	231	1.7297297297297298	9	5	65
0541dd28-5c0f-4ee9-bc74-920da474990c	0	3	12870	231	1.425414364640884	14	8	259
fb83e151-a6b8-4667-b8c3-09d381e7817e	0	3	12744	231	1.6714285714285715	9	7	118
effbe555-92d3-44c3-aea4-4b62261b6d6b	0	7	26734	231	1.3410596026490067	14	12	406
198df69d-ddaf-4a65-9e49-464f22fb7731	0	8	43864	231	1.6144578313253013	10	7	135
16c2c53d-96e3-4d90-bee7-325d03708ce9	0	16	79732	231	1.2651296829971181	15	18	879
d2ede706-9f01-40ca-b53e-069250e377b6	0	0	403	226	1.4	3	4	8
f0a6aa29-ec21-4da0-ac99-729de8a3baba	0	3	10392	226	1.4027149321266967	13	8	311
34df1bea-46a4-4c16-9faf-c93debbbe766	0	0	1128	226	1.4	3	4	8
870830f2-e89d-4aa3-9483-21354931eead	0	6	20489	226	1.4197080291970803	11	12	390
ee2cd0f0-253d-4a60-a0f5-bab675c72c90	0	0	3965	226	1.4	3	4	8
dcc5b776-2787-4dfb-b859-29c3c8b74ecd	0	12	55499	226	1.3822714681440442	12	14	500
84fb242b-700f-4bb8-89f1-b11538e8a9fc	0	1	2972	226	1.6	4	4	17
691727da-3356-4256-9fb3-16d2e708e244	0	3	10392	226	1.452513966480447	12	8	261
8bce66bf-b99b-4724-8695-7c02ffe9fd47	0	0	1128	226	1.4	3	4	8
4919f010-27ff-4971-8caa-a9f420dcddab	0	6	20401	226	1.3884892086330936	12	12	387
4a5258f6-4e6f-4a47-8a04-ab2355050512	0	0	3965	226	1.4	3	4	8
28acee8b-78d6-43ef-87d2-9619c670e8a5	0	12	54990	226	1.3892045454545454	12	14	490
973ce231-06d1-4774-915f-af0a818d4232	0	1	2972	226	1.5	4	4	16
117aaecc-d5b2-4ea0-aafc-fb49a22c2ffa	0	3	10407	226	1.4636363636363636	14	8	323
972e89ca-a001-4985-9a90-8635c8994f12	0	0	1128	226	1.6	3	4	9
38308ef3-d122-4573-9f9d-b27368eded3e	0	6	20493	226	1.3753581661891117	13	12	481
b10a39aa-bbde-4974-bc95-16e5df43fb1f	0	0	3965	226	1.4	3	4	8
aef3628b-e124-43a3-a6dc-333fa30db2b0	0	12	55520	226	1.4	15	14	554
5e4d30e5-fa5f-4e3c-9156-94e409e0e62c	0	0	59020	4366	1.5333333333333334	5	5	24
a3e02162-c803-4a01-9bb8-490916542017	0	2	489666	4366	1.5681818181818181	23	6	277
5d93e204-70c3-44cd-998a-3bf5691df48a	0	0	183106	4366	1.75	6	5	43
c66ee901-3c10-4335-95c6-59f48879ed95	0	4	991395	4366	1.4039408866995073	31	10	571
c11a22fc-f219-4363-8b73-a637cf6f8d22	0	1	281962	4366	1.65	5	5	34
7c429934-cfa4-4cf2-9802-41e1e9257cda	0	12	1074434	1591	1.3373493975903614	28	16	1555
bd8d038f-10ff-4f41-a76f-c666adc72ac5	0	0	130480	4366	1.8	13	5	46
038e5da0-ad65-407f-9d97-83d84592fe87	0	2	489666	4366	1.5426829268292683	23	6	254
fbd54937-04a6-452f-8f48-0505fc4ddef0	0	1	255632	4366	1.6818181818181819	10	7	75
a1eb9c12-7262-4128-80de-79f5614aabf1	0	4	991395	4366	1.4349030470914128	26	10	519
4251a70c-bf35-407e-8b03-ae32cf7383ce	0	3	802827	4366	1.509433962264151	12	8	161
780dd590-0239-4911-908d-df69c2b911df	0	12	1072311	1590	1.2664536741214059	28	16	1983
a736264c-d057-4529-aa88-d161471666dc	0	0	130480	4366	1.9130434782608696	13	5	45
5b007c97-2ecc-4d5a-b56a-955a89753b93	0	2	489666	4366	1.6622516556291391	25	6	252
dd3829d7-291d-4e71-a83a-c1f229023c62	0	1	259551	4366	1.5853658536585367	12	7	66
f5e2dc02-44e5-41e8-8e10-9130e42ddbe2	0	4	991395	4366	1.4098360655737705	28	10	603
27a98204-7a3e-49ec-8117-be90fad7f16b	0	3	802827	4366	1.4333333333333333	11	8	173
a2820905-5e96-46dc-adca-4a929cc4ed71	0	12	1082012	1605	1.3041880969875093	28	16	1776
82d67486-976a-448e-b087-3e26f0d293c7	0	1	73	2	2.125	6	3	18
9234b4fb-8711-4f3f-82c8-b1383b13ab48	0	4	259	2	1.5666666666666667	8	7	95
203bba37-fddf-450c-8fec-837d62213bd0	0	2	149	2	1.875	8	4	31
22eda992-a1ef-4f9d-a9f2-3fb85291819e	0	9	524	2	1.4761904761904763	8	8	125
c17df96f-6ee8-4f25-bd28-a51fa6e1f9b3	0	5	380	2	2.0555555555555554	9	4	38
69b8d554-f545-423e-8323-5652ff10d0df	0	19	1303	2	1.6382978723404256	6	10	232
58477d99-9384-4f9a-89e8-34c09240978f	0	1	73	2	2.0	6	3	17
be79715f-e7d4-491d-92dc-8cfddbd2432b	0	4	259	2	1.5666666666666667	10	7	95
a1d8eba0-d177-4832-99b5-88d368d7a36c	0	2	149	2	2.066666666666667	8	4	32
24aaaba7-5b05-4ae5-bc9a-2fd7239e6a0b	0	9	524	2	1.6025641025641026	7	8	126
128be2a0-1a4d-439b-b7db-5f2eb2ebd5f9	0	5	380	2	2.0	9	4	41
03294276-7d02-4399-806b-70e56ec8d866	0	19	1303	2	1.5248618784530388	9	10	277
ff991882-389c-4e95-b710-f530f6f515b3	0	1	73	2	2.2857142857142856	6	3	17
9ad44982-403a-4605-9ca5-b2963d9c19e8	0	4	259	2	1.6458333333333333	8	7	80
e99c2cca-3136-466c-b7fc-83778f2b7de3	0	2	149	2	2.0	8	4	31
1585f3fc-984d-4f8f-911d-aae06882aad4	0	9	524	2	1.5316455696202531	7	8	122
de421092-872a-4f4f-bbe7-4d76aab52e43	0	5	380	2	1.8181818181818181	9	4	41
159f24f0-26a7-4ad9-ac6f-43eb16c46836	0	19	1305	2	1.5703703703703704	6	10	213
c0c029c4-9d32-4203-a52b-d1e9a39b960b	0	0	24	11973	1.0	1	1	2
dd28b824-5efd-4896-b16c-a1ae53267711	0	0	24	11973	1.0	1	1	2
707104af-4e13-4076-940c-c66e14c94cd7	0	4	8521	96	2.0	8	6	53
0d9b5fae-2dd2-4867-997e-60f3bfb83885	0	4	10003	96	1.5	13	8	301
ce0438ad-cdf6-4ccc-bfc2-45ffd9297c45	0	5	13163	96	1.7377049180327868	9	8	107
b7bca027-c6cb-4935-8a67-33016e1fd550	0	8	18960	96	1.3793677204658903	14	12	830
195e4682-210a-4d17-8e30-aa2d6470f629	0	10	28120	96	2.15	8	8	87
687d7e6f-e2e5-4596-97d5-50de0f1e9ac7	0	20	55291	96	1.3369815668202765	14	16	2322
b8c4ead0-3d7c-43c0-b90f-a2967eb35287	0	4	8521	96	2.037037037037037	9	6	56
a69858fc-555b-423d-b964-c8203e6578db	0	4	10003	96	1.477832512315271	11	8	301
5e2f9381-1002-4c2f-9825-6c67f8ee0d0f	0	5	13162	96	1.9069767441860466	8	8	83
599fc115-9bb9-425d-bf82-aeab13371af1	0	8	18960	96	1.4439746300211416	11	12	684
1a543bd4-c198-444e-aac6-8be0013d309c	0	10	28126	96	1.88	8	8	95
83eecd41-0842-43f1-9abd-a18692eac9e1	0	20	55291	96	1.3107966457023061	15	16	2502
f03ebbaa-bea7-4a3c-9884-2adf9e8a329b	0	4	8521	96	2.0714285714285716	9	6	59
f36588d7-3abd-418e-aaf4-0a117dccecc3	0	4	10003	96	1.4220183486238531	16	8	311
d433717c-53d9-4ccd-9fe6-1f4f02a7fe96	0	5	13161	96	1.816326530612245	9	8	90
84bd8875-bd47-4a96-82ef-366a8cb474e0	0	8	18960	96	1.4219409282700421	13	12	675
581bb0b4-d0c9-4b4f-8c29-f162fe2a4c17	0	10	28083	96	2.1219512195121952	8	8	88
5eda83a4-7a59-4901-a35a-ce49f5f1e8ef	0	20	55291	96	1.386117136659436	12	16	1918
d289afc8-2b3d-4504-9769-cd52850218f3	0	0	8142	11973	1.6363636363636365	6	4	19
5ac4c315-d361-4c57-9504-6407623bf859	0	0	12647	11973	1.5833333333333333	7	4	20
3458a9b5-d28e-4394-a469-a36454daf9f4	0	0	23397	11973	1.6666666666666667	7	4	21
bdd2e545-d5d7-4549-8f93-3748e326009b	0	0	55855	11973	1.4850746268656716	28	8	200
2df15beb-1608-4984-9fef-59258b569942	0	0	99308	11973	1.3963133640552996	27	12	304
34d1662a-4a41-4ceb-a39b-80a1ebf8363b	0	0	211469	11973	1.3113207547169812	29	14	418
34e044c0-5774-419c-afb8-e9274b53ab8d	0	0	243973	11973	1.5399305555555556	50	8	888
88f208cf-4dee-46e7-b7df-6bd5ab4ecbd1	0	1	458042	11973	1.4406165004533091	43	12	1590
4877ba0b-f40d-45e3-8f21-fbfb9183aae7	0	2	1153043	11973	1.320917858330562	48	17	3973
5382042c-74cb-472c-8d83-78cb2f6ec671	0	12	56618	231	1.3089005235602094	14	16	751
2fc79e8b-ce3a-473f-af17-2feee975e3f7	0	12	56363	231	1.4022038567493114	16	16	510
793b56e6-1c0c-4e39-b7ee-381d9a1f0d67	0	12	56364	231	1.306910569105691	14	16	644
d96424ea-25e8-4f47-801c-9e8969d7f93a	0	9	40665	226	1.4355828220858895	11	14	469
9b43f703-7ed2-43f7-90c0-d98a123e354b	0	9	40381	226	1.3246445497630333	14	14	560
38cc7630-04b4-494b-8c59-2b3465b62770	0	9	40663	226	1.3591731266149871	12	14	527
0a26ab7f-2adc-4ac3-a654-b0eb78b164f6	0	9	1372148	2983	1.3482045701849836	26	14	1240
6168d42e-a6ff-4f1f-ba13-00c14f10ff9a	0	9	1584848	3436	1.3265895953757225	27	14	1378
8c06c9c1-96be-4c80-999c-e04b18452a0e	0	9	1461725	3179	1.3297137216189536	24	14	1348
f46ab800-6719-47ca-bd1b-6b31a96369c3	0	15	983	2	1.540983606557377	7	9	189
1dc11354-b187-4da0-a466-ffc0c0af0fdd	0	15	983	2	1.575	7	9	190
5b8af0c9-f00f-4df4-b5e4-7acf5fa74853	0	15	983	2	1.53125	6	9	197
d8c0dd0d-eea3-4596-b268-0aeb14351ff3	0	15	38255	96	1.4048913043478262	11	14	1552
54c54512-e4ca-4daf-b0cf-ecdf1fecfa50	0	15	38255	96	1.2837116154873165	16	14	1924
fd7f4773-2ea9-43ef-b2ad-d2dd9bccf459	0	15	38255	96	1.3573883161512028	10	14	1581
4c80cf45-d31f-4cf5-9c16-b18a9b3d3d3a	0	0	32599	11973	1.4651162790697674	7	10	64
6b803c30-4096-493d-a274-b6720b83ebe4	0	0	167318	11973	1.3558718861209964	28	14	382
a29e7c4b-0cc5-49eb-9458-e753d9851096	0	1	856768	11973	1.3313227057302888	47	16	3091
daf22ad8-6597-44f2-8ad5-e5bf4b1e3381	0	0	19296	11973	1.6666666666666667	7	4	21
8191fedd-8e43-4eb2-9f2d-65eb0c174359	0	9	1529467	3322	1.309608540925267	27	14	1473
8107b667-d960-4648-88d2-cd0ec4e2f67f	0	0	92889	4366	1.6	6	5	33
ffee73e3-9700-4c63-aaec-425a91ed46dc	0	0	183106	4366	1.5416666666666667	6	5	38
421b82ff-0d81-468a-b376-00f6a980e16a	0	1	297370	4366	1.6176470588235294	6	5	56
f47fc215-db47-4b67-b704-c0f5f2303527	0	2	497388	4366	1.641025641025641	7	5	65
f532545b-cab9-4a9d-aa15-a5cbbd72e4a3	0	0	0	2	NaN	-1	0	1
e1f28d5a-3326-4971-9e9e-ec2212f25e39	0	32	1833	2	2.094017094017094	9	6	246
fc0757d7-faee-40c5-8c0b-f08df1450796	0	68	3909	2	1.8060046189376444	15	7	783
30319b46-3c1e-4e65-aa2f-201c4811f547	0	3	802827	4366	1.5258620689655173	15	8	178
f079b94b-7426-45d7-9477-723a1891e98a	0	2	545277	4366	1.5	14	8	139
d665ad53-d481-44ab-a30f-ecf26d00d538	0	1	259551	4366	1.6818181818181819	14	7	75
af1240a4-4a92-4314-a1f6-2329f20b2cf6	0	0	130480	4366	1.7692307692307692	12	5	47
2b5cfca6-e249-495e-ba52-6d54f736aedc	0	0	32	11973	2.0	2	1	3
7924e517-498e-44f8-9731-30b0543de4c3	0	0	48	11973	2.0	2	1	3
43ae6fa9-ad6b-4e75-a660-4004fadb937c	0	0	72	11973	2.0	2	1	3
f6aee530-408b-4226-b1cf-d38087a04fdc	0	0	88	11973	2.0	2	1	3
a3f9437a-ff3c-42b6-8d92-01830a599367	1	542	1088787	96	2.507721104351895	42	6	10719
1151b6f2-0a5f-42f9-aa94-2347c94b3dbe	1	543	1090750	96	2.5543351250292123	47	6	10931
